URL	Trafik	KW Sayısı	Top Keyword	Top KW Volume	Top KW Pozisyon
https://www.lovayatak.com/	7662	853	lova yatak	15000	1
https://www.lovayatak.com/blog-uykuya-dalma-yontemleri	3055	155	uyuma taktikleri	1400	1
https://www.lovayatak.com/yatak	2948	1275	yatak	40000	9
https://www.lovayatak.com/blog-siesta-uykusu-nedir-ogle-uykusunun-faydalari	1746	39	siesta ne demek	2700	1
https://www.lovayatak.com/blog-ani-uyku-bastirmasi-neden-olur	1648	206	ani uyku bastirmasi sebepleri	1900	1
https://www.lovayatak.com/blog-huzursuz-bacak-sendromuna-ne-iyi-gelir	1410	57	huzursuz bacak sendromundan kurtuldum	4400	3
https://www.lovayatak.com/tek-kisilik-yataklar	1355	52	tek kişilik yatak	26000	6
https://www.lovayatak.com/blog-neden-ruya-goruruz	1157	82	neden ruya goruruz	700	1
https://www.lovayatak.com/blog-uykusuzlugun-zararlari-nelerdir-uykusuz-kalmanin-on-sonucu	1067	48	uykusuzlugun zararlari	400	1
https://www.lovayatak.com/cift-kisilik-nevresim-takimi	1000	39	çift kişilik nevresim takımı	15000	10
https://www.lovayatak.com/blog-en-etkili-uyku-acma-yontemleri	984	171	uyku nasil açılır	3900	6
https://www.lovayatak.com/cift-kisilik-yataklar	946	71	çift kişilik yatak	30000	7
https://www.lovayatak.com/blog-yenidogan-bebeklerde-uyku-duzeni-nasil-olusturulur	934	176	40 gunluk bebek kac saat uyur	250	1
https://www.lovayatak.com/blog-kabus-nedir-neden-kabus-goruruz	814	83	kotu ruya gormek	800	1
https://www.lovayatak.com/blog-lateks-yatak-nedir	772	25	lateks yatak	5900	7
https://www.lovayatak.com/cift-kisilik-bazalar	769	120	çift kişilik baza başlık yatak takımı	6800	8
https://www.lovayatak.com/blog-ranforce-ne-demek-ranforce-kumasin-ozellikleri	571	12	ranforce ne demek	1500	3
https://www.lovayatak.com/blog-reflu-yastigi-nedir-ne-ise-yarar	551	49	reflu yatagi ne ise yarar	500	1
https://www.lovayatak.com/battaniye	544	9	battaniye	23000	10
https://www.lovayatak.com/baza-baslik	544	284	baza başlık yatak	4900	11
https://www.lovayatak.com/blog-yatak-boyutlari	503	104	1.5 kişilik yatak ölçüleri	2200	8
https://www.lovayatak.com/blog-nevresim-nasil-yikanir-nevresim-kac-derecede-yikanir	488	42	nevresimler hangi programda yikanir	1100	5
https://www.lovayatak.com/cift-kisilik-yatak-ortusu	479	11	yatak ortusu çift kişilik	5300	6
https://www.lovayatak.com/alez	473	37	yatak alezi	3600	6
https://www.lovayatak.com/blog-yatak-odasi-ceyiz-listesi	461	43	çeyiz listesi	21000	13
https://www.lovayatak.com/blog-yatak-olculeri-nasil-alinir-secerken-nelere-dikkat-edilmeli	452	75	çift kişilik yatak ölçüleri	8900	10
https://www.lovayatak.com/basliklar	419	24	yatak basligi	12000	12
https://www.lovayatak.com/blog-yatak-secimi-nasil-olmali	401	18	yatak alirken nelere dikkat edilmesi önerilir	300	1
https://www.lovayatak.com/blog-battaniye-nasil-yikanir	392	41	battaniye hangi programda yikanir	2100	7
https://www.lovayatak.com/blog-yun-yorgan-nasil-yikanir	347	54	yun yorgan nasil yikanir	450	3
https://www.lovayatak.com/blog-bebeklerde-yastik-kullanimi-nasil-olmalidir	344	72	bebeklerde yastik kullanimi	700	5
https://www.lovayatak.com/uyku-seti	329	5	uyku seti	6400	6
https://www.lovayatak.com/blog-sabahlari-dinc-uyanmak-icin-nelere-dikkat-edilmeli	320	71	sabah dinc uyanmak icin	100	1
https://www.lovayatak.com/blog-uyku-pozisyonlari-nelerdir	314	68	yatak pozisyonlari	300	2
https://www.lovayatak.com/blog-yastiksiz-uyumanin-zararlari	313	16	yastiksiz uyumanin faydalari	250	1
https://www.lovayatak.com/dekoratif-yastik	297	56	dekoratif yastik	800	4
https://www.lovayatak.com/blog-hipoalerjenik-nedir	294	9	hipoalerjenik ne demek	1200	1
https://www.lovayatak.com/yatak-ortusu	263	19	yatak ortusu	15000	11
https://www.lovayatak.com/blog-bebeklerde-uyku-gerilemesi	260	33	1 yas uyku gerilemesi	350	1
https://www.lovayatak.com/blog-mavi-isik-nedir	240	15	mavi isik	5900	5
https://www.lovayatak.com/blog-alez-nedir-ne-ise-yarar	238	15	alez nedir	3600	3
https://www.lovayatak.com/blog-yun-yastik-nasil-yikanir	228	39	yun yastik kurutma makinesinde kurutulur mu	150	1
https://www.lovayatak.com/blog-biyolojik-saat	220	21	biyolojik saat nedir	1300	5
https://www.lovayatak.com/blog-yatak-temizligi-nasil-yapilir	218	42	yatak nasil temizlenir	800	6
https://www.lovayatak.com/blog-uyku-egitimi-nasil-verilir	211	40	uyku egitimi	1600	8
https://www.lovayatak.com/blog-bel-fitigi-icin-yatak	210	23	bel fitigi için en iyi yatak markasi	150	1
https://www.lovayatak.com/blog-uyurgezerlik-neden-olur	201	14	uyurgezerlik neden olur	3300	8
https://www.lovayatak.com/blog-kaz-tuyu-yastik-nasil-yikanir	199	39	kaz tuyu yastik nasil yikanir	450	3
https://www.lovayatak.com/blog-yatak-pedi-ne-ise-yarar	195	27	yatak pedi ne ise yarar	350	3
https://www.lovayatak.com/lastikli-carsaf	190	19	lastikli carsaf çift kişilik	900	6
