Domain	DR	Dofollow Link	Toplam Link	İlk Görülme
wixsite.com	94	2	2	2026-01-22
yandex.com	91	0	12	2025-08-11
yandex.com.tr	86	0	146	2025-08-12
linkin.bio	83	1	1	2025-10-19
indiehackers.com	80	5	5	2024-06-09
seoagençy.sale	76	0	2	2025-12-14
storeleads.app	74	0	1	2025-12-01
siteprice.org	72	0	6	2025-07-14
tuyap.com.tr	67	1	1	2025-01-18
mekan360.com	66	8	8	2025-02-21
glarity.app	57	0	7	2025-08-10
abcgazetesi.com.tr	56	0	4	2025-04-08
konhaber.com	55	4	4	2024-05-22
dijital.link	55	0	1	2025-04-28
bonus.com.tr	54	0	2	2025-08-10
kocaeligazetesi.com.tr	54	0	3	2024-05-22
medyaege.com.tr	54	4	4	2024-05-27
kallxo.com	54	1	1	2021-10-26
topacted.com	54	2	2	2024-12-31
yenihaberden.com	53	4	4	2025-03-15
yeniduzen.com	53	4	4	2024-06-15
bloomberry.com	53	0	2	2026-01-23
virahaber.com	52	4	4	2024-07-17
sbyme.com	52	2	2	2024-12-31
